Node_ID,Predicted_Cluster,True_Label
0,5,3
1,1,4
2,5,4
3,0,0
4,5,3
5,2,2
6,4,0
7,1,3
8,5,3
9,2,2
10,3,0
11,0,0
12,1,4
13,5,3
14,5,3
15,5,3
16,2,2
17,5,3
18,3,1
19,5,3
20,6,5
21,0,3
22,1,4
23,5,6
24,5,3
25,5,3
26,0,6
27,5,3
28,2,2
29,1,4
30,4,3
31,0,6
32,0,0
33,1,4
34,2,2
35,0,0
36,3,1
37,0,5
38,5,4
39,1,4
40,5,3
41,0,6
42,0,6
43,1,4
44,5,3
45,5,3
46,2,2
47,6,5
48,5,3
49,5,4
50,6,5
51,5,3
52,4,0
53,2,2
54,3,1
55,0,4
56,0,6
57,4,3
58,2,2
59,2,2
60,0,0
61,4,0
62,4,0
63,1,4
64,2,2
65,4,0
66,5,4
67,6,5
68,2,2
69,0,6
70,6,5
71,5,2
72,2,2
73,2,2
74,4,0
75,1,4
76,0,5
77,4,6
78,4,4
79,3,0
80,4,0
81,4,0
82,1,4
83,2,2
84,1,4
85,3,1
86,5,4
87,0,6
88,0,0
89,1,4
90,2,2
91,1,4
92,5,6
93,0,6
94,1,0
95,4,0
96,0,6
97,6,5
98,0,0
99,0,6
100,4,0
101,2,2
102,3,1
103,3,1
104,3,1
105,2,2
106,0,6
107,6,5
108,5,6
109,3,1
110,2,2
111,2,2
112,3,1
113,6,5
114,6,5
115,0,5
116,4,6
117,6,5
118,6,6
119,6,5
120,0,5
121,3,1
122,4,6
123,4,6
124,3,1
125,6,5
126,3,1
127,4,6
128,6,5
129,6,5
130,0,5
131,2,1
132,6,5
133,3,1
134,3,1
135,3,1
136,3,1
137,3,1
138,3,1
139,3,1
140,1,4
141,5,3
142,4,0
143,5,3
144,5,6
145,0,6
146,4,0
147,0,3
148,1,4
149,0,0
150,5,3
151,1,4
152,1,4
153,3,1
154,2,2
155,2,2
156,2,2
157,5,3
158,5,3
159,5,3
160,5,3
161,0,0
162,0,4
163,6,5
164,0,0
165,5,3
166,1,4
167,5,3
168,5,3
169,5,3
170,2,2
171,5,3
172,1,3
173,2,2
174,2,2
175,0,6
176,0,1
177,1,4
178,5,3
179,5,3
180,5,3
181,0,6
182,0,3
183,4,3
184,4,3
185,5,3
186,4,0
187,5,4
188,2,2
189,2,2
190,0,6
191,3,5
192,4,3
193,6,5
194,1,4
195,1,0
196,1,4
197,5,3
198,1,4
199,5,4
200,5,3
201,5,3
202,2,2
203,6,4
204,0,0
205,5,3
206,5,2
207,5,3
208,5,3
209,1,4
210,4,4
211,0,0
212,5,3
213,5,6
214,0,0
215,5,3
216,5,3
217,1,4
218,5,3
219,5,3
220,6,5
221,2,2
222,1,3
223,2,2
224,5,4
225,5,1
226,5,3
227,2,2
228,2,2
229,5,3
230,5,3
231,5,3
232,5,3
233,6,5
234,3,1
235,5,3
236,3,1
237,5,3
238,6,5
239,4,0
240,1,3
241,6,5
242,0,0
243,1,4
244,2,2
245,1,4
246,2,2
247,1,4
248,1,4
249,6,5
250,3,4
251,5,3
252,0,5
253,5,3
254,5,3
255,6,4
256,3,3
257,4,0
258,1,4
259,6,5
260,2,0
261,5,3
262,0,6
263,2,2
264,6,5
265,6,5
266,0,5
267,5,3
268,2,2
269,5,3
270,0,0
271,1,4
272,0,5
273,5,3
274,0,0
275,1,4
276,4,0
277,5,3
278,5,3
279,0,0
280,0,0
281,5,3
282,6,5
283,1,4
284,1,4
285,0,3
286,1,4
287,0,3
288,5,3
289,2,2
290,2,2
291,4,3
292,0,0
293,1,3
294,3,1
295,5,3
296,2,2
297,5,3
298,5,3
299,1,4
300,0,5
301,2,2
302,3,1
303,3,1
304,0,0
305,4,0
306,0,1
307,1,6
308,3,1
309,1,3
310,5,3
311,5,3
312,2,2
313,5,3
314,5,3
315,4,0
316,5,3
317,3,4
318,3,1
319,2,3
320,1,4
321,5,3
322,2,2
323,0,0
324,0,0
325,0,4
326,2,2
327,5,3
328,2,2
329,3,1
330,1,4
331,0,6
332,1,3
333,2,2
334,4,0
335,5,3
336,5,3
337,2,2
338,5,3
339,1,4
340,1,4
341,2,2
342,0,1
343,5,3
344,6,5
345,5,3
346,2,2
347,4,0
348,1,4
349,0,5
350,3,1
351,5,3
352,5,3
353,2,2
354,4,0
355,0,2
356,0,4
357,2,2
358,2,2
359,2,2
360,6,5
361,1,4
362,1,4
363,5,2
364,2,2
365,2,0
366,5,3
367,2,2
368,1,4
369,1,4
370,6,5
371,6,5
372,2,1
373,4,0
374,5,3
375,1,4
376,6,5
377,1,3
378,1,4
379,6,5
380,6,3
381,1,4
382,5,3
383,1,3
384,3,1
385,1,4
386,5,3
387,5,3
388,6,5
389,2,2
390,5,3
391,2,2
392,6,5
393,6,5
394,1,4
395,5,3
396,5,3
397,5,3
398,0,3
399,3,1
400,6,5
401,5,3
402,5,3
403,2,2
404,5,6
405,4,0
406,3,1
407,3,3
408,4,0
409,3,1
410,6,5
411,5,3
412,0,6
413,5,3
414,0,6
415,0,0
416,5,3
417,3,3
418,5,3
419,0,5
420,5,4
421,5,3
422,1,4
423,4,0
424,0,5
425,2,2
426,3,1
427,2,2
428,1,4
429,5,4
430,5,4
431,1,4
432,1,3
433,0,3
434,4,0
435,5,4
436,0,3
437,0,0
438,0,5
439,2,2
440,0,0
441,6,5
442,1,4
443,1,4
444,1,4
445,5,3
446,6,0
447,0,6
448,6,5
449,2,2
450,1,4
451,6,5
452,3,1
453,1,3
454,0,5
455,5,3
456,4,0
457,5,3
458,6,5
459,3,1
460,5,1
461,0,0
462,5,3
463,1,4
464,2,2
465,5,6
466,2,2
467,5,0
468,6,5
469,5,3
470,6,4
471,0,6
472,6,5
473,1,3
474,5,5
475,4,0
476,3,1
477,6,3
478,0,0
479,6,5
480,2,2
481,5,2
482,5,3
483,0,5
484,3,1
485,4,0
486,5,3
487,3,1
488,1,4
489,2,2
490,0,5
491,0,6
492,1,4
493,2,2
494,2,2
495,5,6
496,0,0
497,4,0
498,0,4
499,0,6
500,5,3
501,2,2
502,0,0
503,1,3
504,0,6
505,3,1
506,0,6
507,5,3
508,3,1
509,5,3
510,0,3
511,5,3
512,4,3
513,2,2
514,0,5
515,1,4
516,0,5
517,0,5
518,0,3
519,3,1
520,4,3
521,5,3
522,3,4
523,5,4
524,2,2
525,4,0
526,2,2
527,4,0
528,0,5
529,1,4
530,0,0
531,5,0
532,5,3
533,2,2
534,2,2
535,2,2
536,5,2
537,5,6
538,1,4
539,0,6
540,6,5
541,6,5
542,3,1
543,1,0
544,4,0
545,1,4
546,4,3
547,5,3
548,3,1
549,5,3
550,0,6
551,0,6
552,2,2
553,5,3
554,3,3
555,4,3
556,3,1
557,2,2
558,2,2
559,6,5
560,5,4
561,5,3
562,2,2
563,3,1
564,2,2
565,2,2
566,5,3
567,2,2
568,5,3
569,2,2
570,5,3
571,5,3
572,4,0
573,6,5
574,1,3
575,5,3
576,1,3
577,1,4
578,0,5
579,4,3
580,2,2
581,0,1
582,1,4
583,1,4
584,1,4
585,5,4
586,0,0
587,6,5
588,1,4
589,3,1
590,6,3
591,4,0
592,4,3
593,0,4
594,0,6
595,5,3
596,0,6
597,4,3
598,5,3
599,5,3
600,0,6
601,0,3
602,1,4
603,5,3
604,0,6
605,5,3
606,5,0
607,5,3
608,3,1
609,2,2
610,6,5
611,5,6
612,6,5
613,2,2
614,4,0
615,2,2
616,2,2
617,5,3
618,5,3
619,4,0
620,5,3
621,0,5
622,5,3
623,1,4
624,4,0
625,4,3
626,2,2
627,1,4
628,2,5
629,2,2
630,0,3
631,2,2
632,2,2
633,5,3
634,0,5
635,5,2
636,5,0
637,5,3
638,1,4
639,5,3
640,5,3
641,1,3
642,4,0
643,6,5
644,0,5
645,6,5
646,6,5
647,6,5
648,6,5
649,5,3
650,2,2
651,0,0
652,1,4
653,1,3
654,1,4
655,3,1
656,3,1
657,2,2
658,5,3
659,4,0
660,3,1
661,6,5
662,5,3
663,0,6
664,5,3
665,1,4
666,0,0
667,4,0
668,0,5
669,5,3
670,5,3
671,6,5
672,2,2
673,4,3
674,4,3
675,1,4
676,6,5
677,1,4
678,5,3
679,4,0
680,1,0
681,5,3
682,0,6
683,2,1
684,2,2
685,6,1
686,2,2
687,2,2
688,1,4
689,2,2
690,5,3
691,5,4
692,5,3
693,0,0
694,6,5
695,3,3
696,5,3
697,4,3
698,1,4
699,3,3
700,1,3
701,6,5
702,0,6
703,6,5
704,2,2
705,5,4
706,1,4
707,4,0
708,5,3
709,6,5
710,5,3
711,0,0
712,0,6
713,5,3
714,1,4
715,1,4
716,5,3
717,4,0
718,0,0
719,3,1
720,6,5
721,1,2
722,5,3
723,2,2
724,0,6
725,0,0
726,1,4
727,5,3
728,0,5
729,5,3
730,0,0
731,4,0
732,2,2
733,5,0
734,4,0
735,6,5
736,4,0
737,0,5
738,4,0
739,6,5
740,5,4
741,3,1
742,2,2
743,5,3
744,2,2
745,5,3
746,5,3
747,6,5
748,0,2
749,0,4
750,3,5
751,4,0
752,2,2
753,6,0
754,2,2
755,0,5
756,4,3
757,2,2
758,2,2
759,1,4
760,2,2
761,1,4
762,2,2
763,4,0
764,2,2
765,5,3
766,5,3
767,5,0
768,2,3
769,4,0
770,5,3
771,4,0
772,0,6
773,3,1
774,5,4
775,5,3
776,5,4
777,0,0
778,0,6
779,0,6
780,1,4
781,5,3
782,1,4
783,1,4
784,5,3
785,5,3
786,5,4
787,0,4
788,5,3
789,1,4
790,5,3
791,5,3
792,5,3
793,6,5
794,5,0
795,5,3
796,2,2
797,2,2
798,1,4
799,5,3
800,2,2
801,6,5
802,1,4
803,0,5
804,1,4
805,1,4
806,2,2
807,6,5
808,1,4
809,0,0
810,1,4
811,5,3
812,5,3
813,1,4
814,1,4
815,0,0
816,0,5
817,2,2
818,0,3
819,2,2
820,2,2
821,1,3
822,0,5
823,2,2
824,2,2
825,2,2
826,6,5
827,0,3
828,1,4
829,5,1
830,0,6
831,3,1
832,5,3
833,5,3
834,2,1
835,5,3
836,5,3
837,1,4
838,0,0
839,4,0
840,6,5
841,5,3
842,0,0
843,3,3
844,6,5
845,5,3
846,5,3
847,0,6
848,2,2
849,1,4
850,0,6
851,0,0
852,3,0
853,2,2
854,6,4
855,5,3
856,1,4
857,6,4
858,4,0
859,2,2
860,0,2
861,4,0
862,5,4
863,5,0
864,3,1
865,4,3
866,5,3
867,2,2
868,0,3
869,5,3
870,5,3
871,2,2
872,5,4
873,5,0
874,5,3
875,5,3
876,2,1
877,5,3
878,0,5
879,5,3
880,0,0
881,2,2
882,2,2
883,2,2
884,1,4
885,0,5
886,5,3
887,3,1
888,4,0
889,2,2
890,6,5
891,0,6
892,5,3
893,1,4
894,5,3
895,0,0
896,5,5
897,4,0
898,0,6
899,5,3
900,5,3
901,4,0
902,2,2
903,6,5
904,6,5
905,2,2
906,1,4
907,0,6
908,0,6
909,5,3
910,3,1
911,1,4
912,5,4
913,6,5
914,5,3
915,2,2
916,5,3
917,1,0
918,4,3
919,5,2
920,5,3
921,0,6
922,1,4
923,5,3
924,1,4
925,5,5
926,5,3
927,5,3
928,5,3
929,2,2
930,6,3
931,2,2
932,0,3
933,2,2
934,1,4
935,6,5
936,2,2
937,3,1
938,5,3
939,0,6
940,6,5
941,6,5
942,5,3
943,3,4
944,5,3
945,0,1
946,1,4
947,1,4
948,3,0
949,5,4
950,0,6
951,2,2
952,0,3
953,4,3
954,1,4
955,0,6
956,1,4
957,2,2
958,3,1
959,4,3
960,5,3
961,5,3
962,5,3
963,1,4
964,4,0
965,4,0
966,0,0
967,5,3
968,5,1
969,2,2
970,2,2
971,1,5
972,5,3
973,0,5
974,5,3
975,3,0
976,2,2
977,2,2
978,2,2
979,5,3
980,3,1
981,5,3
982,5,3
983,5,4
984,1,4
985,2,2
986,5,3
987,5,3
988,0,3
989,6,0
990,5,3
991,1,6
992,0,0
993,0,6
994,4,3
995,0,5
996,1,4
997,4,3
998,2,2
999,2,2
1000,5,3
1001,1,4
1002,5,3
1003,2,2
1004,5,3
1005,5,3
1006,4,0
1007,2,2
1008,4,0
1009,3,1
1010,1,4
1011,3,1
1012,3,4
1013,0,0
1014,5,3
1015,1,4
1016,5,3
1017,4,3
1018,1,4
1019,5,3
1020,5,3
1021,0,4
1022,6,5
1023,5,3
1024,4,3
1025,4,0
1026,5,3
1027,0,6
1028,6,5
1029,6,5
1030,2,2
1031,5,3
1032,6,5
1033,2,2
1034,1,2
1035,2,2
1036,0,0
1037,2,2
1038,2,2
1039,0,5
1040,2,2
1041,2,2
1042,4,0
1043,0,5
1044,5,3
1045,3,1
1046,1,4
1047,4,0
1048,5,3
1049,5,3
1050,1,4
1051,1,4
1052,5,3
1053,5,3
1054,5,3
1055,5,3
1056,5,3
1057,5,3
1058,0,0
1059,5,3
1060,5,5
1061,1,4
1062,5,3
1063,1,4
1064,1,4
1065,3,3
1066,5,3
1067,2,2
1068,1,4
1069,4,0
1070,6,2
1071,1,4
1072,3,2
1073,5,3
1074,0,6
1075,5,3
1076,4,6
1077,2,5
1078,4,0
1079,4,0
1080,4,3
1081,1,4
1082,1,4
1083,5,0
1084,5,3
1085,0,6
1086,5,3
1087,1,4
1088,3,1
1089,3,1
1090,5,3
1091,5,3
1092,5,3
1093,5,3
1094,1,4
1095,5,3
1096,5,3
1097,6,4
1098,1,3
1099,5,3
1100,5,3
1101,5,3
1102,1,4
1103,2,2
1104,0,0
1105,0,5
1106,5,3
1107,5,3
1108,5,3
1109,1,4
1110,0,0
1111,5,4
1112,1,4
1113,6,5
1114,2,2
1115,0,4
1116,5,3
1117,4,0
1118,4,0
1119,0,3
1120,0,0
1121,5,3
1122,6,5
1123,2,2
1124,5,3
1125,1,0
1126,5,3
1127,5,3
1128,6,5
1129,1,4
1130,5,3
1131,0,3
1132,5,3
1133,6,5
1134,5,3
1135,1,4
1136,2,2
1137,0,0
1138,1,4
1139,4,0
1140,3,1
1141,1,4
1142,0,1
1143,1,4
1144,3,1
1145,2,2
1146,3,1
1147,5,3
1148,2,2
1149,2,2
1150,2,2
1151,5,3
1152,4,0
1153,1,4
1154,2,2
1155,2,2
1156,4,0
1157,1,4
1158,3,1
1159,5,3
1160,5,3
1161,2,2
1162,1,4
1163,0,6
1164,2,2
1165,5,6
1166,5,3
1167,6,5
1168,6,5
1169,2,2
1170,6,6
1171,5,3
1172,0,0
1173,2,2
1174,0,0
1175,5,3
1176,5,3
1177,5,3
1178,0,4
1179,6,5
1180,3,1
1181,5,5
1182,6,5
1183,6,5
1184,0,5
1185,5,3
1186,5,3
1187,6,0
1188,6,0
1189,2,2
1190,0,5
1191,5,3
1192,1,3
1193,3,1
1194,1,4
1195,0,0
1196,3,4
1197,3,1
1198,4,0
1199,2,2
1200,5,3
1201,5,3
1202,1,4
1203,0,0
1204,4,1
1205,2,2
1206,1,4
1207,1,4
1208,5,4
1209,2,2
1210,1,2
1211,5,3
1212,5,3
1213,5,3
1214,2,2
1215,0,6
1216,2,2
1217,5,3
1218,4,0
1219,4,3
1220,4,0
1221,5,3
1222,0,5
1223,5,3
1224,0,0
1225,5,3
1226,6,5
1227,6,5
1228,4,0
1229,2,2
1230,1,4
1231,5,3
1232,4,0
1233,5,2
1234,1,4
1235,5,4
1236,4,6
1237,6,5
1238,2,2
1239,5,3
1240,1,4
1241,5,3
1242,5,3
1243,2,2
1244,5,1
1245,3,1
1246,6,4
1247,5,3
1248,3,1
1249,2,2
1250,2,2
1251,3,1
1252,2,2
1253,3,1
1254,2,2
1255,1,4
1256,5,3
1257,1,4
1258,3,1
1259,0,0
1260,1,4
1261,1,4
1262,2,2
1263,1,2
1264,1,4
1265,1,4
1266,0,4
1267,6,5
1268,0,0
1269,6,5
1270,5,3
1271,5,3
1272,5,3
1273,5,3
1274,4,3
1275,4,0
1276,6,5
1277,0,3
1278,1,3
1279,4,0
1280,2,2
1281,2,2
1282,2,2
1283,3,1
1284,2,2
1285,0,0
1286,1,4
1287,2,2
1288,0,6
1289,3,3
1290,5,3
1291,0,6
1292,2,2
1293,4,0
1294,5,3
1295,5,3
1296,0,0
1297,5,3
1298,5,3
1299,5,3
1300,5,3
1301,5,3
1302,4,0
1303,5,3
1304,3,1
1305,2,2
1306,2,2
1307,1,4
1308,2,2
1309,0,5
1310,5,3
1311,6,5
1312,6,5
1313,6,5
1314,6,5
1315,5,3
1316,5,3
1317,2,2
1318,1,4
1319,4,3
1320,1,4
1321,5,3
1322,1,4
1323,5,3
1324,1,5
1325,5,3
1326,5,3
1327,5,6
1328,5,6
1329,4,3
1330,4,0
1331,5,3
1332,0,0
1333,0,6
1334,5,3
1335,3,1
1336,5,4
1337,3,1
1338,0,5
1339,2,2
1340,5,3
1341,0,0
1342,1,4
1343,6,4
1344,5,3
1345,2,2
1346,3,1
1347,5,3
1348,5,3
1349,1,4
1350,1,4
1351,0,6
1352,4,0
1353,6,5
1354,6,5
1355,5,3
1356,5,3
1357,0,0
1358,0,2
1359,0,6
1360,6,5
1361,2,2
1362,0,6
1363,5,3
1364,5,3
1365,5,3
1366,1,4
1367,3,1
1368,0,5
1369,1,4
1370,0,6
1371,5,3
1372,0,6
1373,2,2
1374,0,0
1375,6,5
1376,4,0
1377,0,5
1378,1,2
1379,1,4
1380,1,4
1381,1,4
1382,5,3
1383,2,2
1384,2,2
1385,1,4
1386,5,3
1387,0,6
1388,4,0
1389,2,2
1390,1,4
1391,4,0
1392,5,3
1393,5,3
1394,0,5
1395,4,0
1396,0,6
1397,4,0
1398,2,2
1399,0,6
1400,5,3
1401,1,4
1402,0,6
1403,5,3
1404,6,5
1405,5,3
1406,1,4
1407,1,2
1408,6,5
1409,6,5
1410,0,0
1411,3,3
1412,2,2
1413,5,3
1414,6,5
1415,6,5
1416,4,0
1417,1,4
1418,4,4
1419,1,4
1420,0,6
1421,0,6
1422,1,4
1423,4,3
1424,1,3
1425,1,4
1426,2,2
1427,2,2
1428,1,4
1429,1,4
1430,2,2
1431,2,2
1432,5,3
1433,2,2
1434,5,3
1435,4,0
1436,1,5
1437,1,4
1438,0,3
1439,5,3
1440,5,3
1441,6,5
1442,1,3
1443,1,4
1444,1,2
1445,5,3
1446,5,3
1447,5,3
1448,3,1
1449,1,4
1450,5,3
1451,1,4
1452,1,4
1453,5,3
1454,5,4
1455,6,5
1456,5,3
1457,5,3
1458,5,3
1459,3,1
1460,5,3
1461,1,4
1462,4,3
1463,4,3
1464,0,6
1465,5,3
1466,2,2
1467,4,0
1468,4,0
1469,5,3
1470,6,5
1471,2,2
1472,1,3
1473,5,3
1474,0,4
1475,4,0
1476,5,6
1477,1,3
1478,6,5
1479,5,3
1480,2,2
1481,1,4
1482,0,6
1483,2,2
1484,1,4
1485,0,6
1486,2,2
1487,0,6
1488,5,3
1489,5,2
1490,3,1
1491,1,4
1492,2,2
1493,5,4
1494,0,5
1495,0,6
1496,5,3
1497,5,3
1498,0,3
1499,2,2
1500,6,5
1501,0,6
1502,5,3
1503,5,3
1504,3,6
1505,3,1
1506,3,2
1507,6,0
1508,5,3
1509,2,2
1510,1,4
1511,1,3
1512,0,5
1513,2,2
1514,1,3
1515,4,0
1516,2,2
1517,4,0
1518,1,4
1519,1,4
1520,2,2
1521,0,0
1522,1,4
1523,3,0
1524,4,0
1525,0,6
1526,0,0
1527,0,0
1528,2,2
1529,0,4
1530,1,4
1531,1,4
1532,1,4
1533,1,4
1534,1,4
1535,0,0
1536,4,0
1537,6,5
1538,6,5
1539,5,6
1540,4,0
1541,5,3
1542,5,3
1543,6,5
1544,1,5
1545,1,4
1546,2,2
1547,2,1
1548,5,3
1549,6,5
1550,2,2
1551,3,1
1552,3,1
1553,6,5
1554,5,3
1555,6,5
1556,4,0
1557,2,2
1558,5,3
1559,1,4
1560,3,1
1561,5,1
1562,2,2
1563,5,3
1564,3,1
1565,2,2
1566,0,2
1567,5,3
1568,2,2
1569,1,4
1570,5,3
1571,3,1
1572,3,1
1573,5,3
1574,5,3
1575,1,3
1576,5,3
1577,5,3
1578,6,5
1579,6,5
1580,4,0
1581,5,3
1582,5,3
1583,0,0
1584,3,1
1585,1,4
1586,2,2
1587,0,6
1588,4,0
1589,2,2
1590,5,3
1591,5,3
1592,0,6
1593,5,6
1594,0,5
1595,5,3
1596,2,2
1597,1,3
1598,5,3
1599,2,2
1600,5,3
1601,1,2
1602,4,0
1603,5,3
1604,2,2
1605,5,3
1606,2,2
1607,5,3
1608,5,3
1609,3,1
1610,2,2
1611,6,3
1612,2,2
1613,5,3
1614,5,3
1615,5,3
1616,0,6
1617,0,2
1618,1,4
1619,6,5
1620,2,1
1621,1,3
1622,0,3
1623,3,1
1624,3,1
1625,0,2
1626,4,4
1627,2,2
1628,4,0
1629,2,2
1630,0,5
1631,4,0
1632,2,2
1633,5,3
1634,1,4
1635,4,4
1636,5,3
1637,0,0
1638,3,1
1639,1,4
1640,3,1
1641,5,3
1642,2,2
1643,1,4
1644,0,0
1645,6,3
1646,2,2
1647,5,6
1648,5,2
1649,1,4
1650,6,5
1651,3,1
1652,0,0
1653,1,4
1654,5,3
1655,0,0
1656,3,1
1657,0,3
1658,0,0
1659,2,2
1660,0,6
1661,0,5
1662,5,3
1663,5,3
1664,5,3
1665,5,3
1666,5,3
1667,0,4
1668,0,2
1669,5,0
1670,3,1
1671,4,4
1672,4,0
1673,0,3
1674,0,6
1675,0,6
1676,0,6
1677,0,5
1678,5,3
1679,5,3
1680,4,0
1681,3,3
1682,3,0
1683,0,6
1684,5,3
1685,2,2
1686,1,4
1687,2,2
1688,1,4
1689,2,2
1690,6,5
1691,1,3
1692,0,3
1693,4,0
1694,2,2
1695,4,0
1696,0,0
1697,5,3
1698,5,6
1699,3,1
1700,6,5
1701,5,3
1702,1,4
1703,1,4
1704,5,3
1705,3,1
1706,2,2
1707,6,5
1708,5,3
1709,2,2
1710,2,2
1711,2,2
1712,2,2
1713,0,0
1714,2,2
1715,2,2
1716,2,2
1717,2,2
1718,2,2
1719,2,2
1720,2,2
1721,2,2
1722,2,2
1723,2,2
1724,2,2
1725,2,2
1726,2,2
1727,2,2
1728,5,3
1729,2,2
1730,2,2
1731,2,2
1732,0,2
1733,2,2
1734,2,2
1735,2,1
1736,2,2
1737,2,2
1738,2,2
1739,2,2
1740,2,2
1741,0,3
1742,2,2
1743,2,2
1744,2,2
1745,2,2
1746,2,2
1747,2,2
1748,2,2
1749,2,2
1750,2,2
1751,2,2
1752,2,2
1753,2,2
1754,2,2
1755,2,2
1756,2,2
1757,2,2
1758,2,2
1759,2,2
1760,2,2
1761,2,2
1762,2,2
1763,2,2
1764,2,5
1765,2,2
1766,2,2
1767,3,1
1768,3,1
1769,3,1
1770,3,1
1771,3,1
1772,3,1
1773,3,1
1774,3,4
1775,3,1
1776,3,1
1777,3,1
1778,3,1
1779,3,1
1780,3,1
1781,3,1
1782,3,1
1783,3,1
1784,3,1
1785,1,4
1786,3,1
1787,3,1
1788,3,1
1789,3,1
1790,3,1
1791,3,1
1792,0,3
1793,1,4
1794,1,4
1795,1,4
1796,1,4
1797,3,1
1798,3,1
1799,3,3
1800,3,1
1801,3,0
1802,3,3
1803,4,0
1804,2,2
1805,3,1
1806,5,3
1807,5,3
1808,5,3
1809,5,3
1810,5,3
1811,5,3
1812,5,3
1813,1,3
1814,5,3
1815,5,3
1816,5,3
1817,5,3
1818,1,3
1819,5,3
1820,5,3
1821,5,3
1822,5,3
1823,5,3
1824,6,5
1825,6,5
1826,6,5
1827,6,5
1828,6,5
1829,6,5
1830,2,2
1831,2,2
1832,2,2
1833,2,2
1834,2,1
1835,0,6
1836,4,6
1837,4,3
1838,4,0
1839,4,0
1840,0,5
1841,4,0
1842,0,5
1843,0,0
1844,0,3
1845,0,5
1846,5,3
1847,0,0
1848,0,0
1849,0,6
1850,0,0
1851,0,6
1852,5,3
1853,5,3
1854,5,1
1855,5,3
1856,3,1
1857,5,3
1858,5,3
1859,5,3
1860,5,3
1861,5,3
1862,5,3
1863,5,3
1864,5,3
1865,5,3
1866,5,3
1867,5,3
1868,5,3
1869,5,3
1870,5,3
1871,5,3
1872,5,3
1873,5,3
1874,5,3
1875,5,3
1876,5,3
1877,5,3
1878,6,5
1879,0,5
1880,6,5
1881,6,5
1882,0,5
1883,6,5
1884,6,5
1885,6,5
1886,2,2
1887,2,2
1888,2,2
1889,5,4
1890,5,4
1891,5,4
1892,5,0
1893,5,3
1894,5,3
1895,0,2
1896,6,5
1897,6,5
1898,0,5
1899,6,5
1900,0,6
1901,6,5
1902,6,5
1903,6,5
1904,6,5
1905,4,0
1906,4,4
1907,4,4
1908,0,4
1909,0,0
1910,0,0
1911,0,5
1912,0,0
1913,0,0
1914,0,6
1915,0,6
1916,0,6
1917,0,6
1918,0,6
1919,0,6
1920,0,0
1921,4,0
1922,4,0
1923,4,0
1924,4,3
1925,4,0
1926,4,0
1927,4,0
1928,5,3
1929,4,3
1930,0,0
1931,5,3
1932,5,3
1933,5,3
1934,5,3
1935,5,3
1936,5,3
1937,5,3
1938,5,3
1939,5,3
1940,5,3
1941,5,3
1942,5,3
1943,5,3
1944,5,3
1945,5,3
1946,5,3
1947,5,3
1948,5,3
1949,5,3
1950,5,3
1951,5,3
1952,5,3
1953,6,5
1954,6,5
1955,6,5
1956,6,5
1957,5,3
1958,6,5
1959,6,5
1960,6,5
1961,6,5
1962,6,5
1963,6,5
1964,1,4
1965,1,4
1966,1,4
1967,1,4
1968,5,4
1969,1,4
1970,1,4
1971,1,4
1972,0,6
1973,0,6
1974,0,5
1975,0,6
1976,0,6
1977,0,3
1978,0,5
1979,0,5
1980,0,5
1981,0,0
1982,0,5
1983,0,0
1984,0,4
1985,0,4
1986,5,3
1987,5,3
1988,5,3
1989,5,2
1990,5,2
1991,3,1
1992,5,3
1993,5,3
1994,5,3
1995,5,3
1996,5,3
1997,5,3
1998,3,5
1999,0,3
2000,5,3
2001,1,4
2002,5,4
2003,5,3
2004,5,3
2005,5,3
2006,5,3
2007,5,3
2008,5,3
2009,5,3
2010,0,0
2011,5,3
2012,0,3
2013,0,6
2014,0,3
2015,0,6
2016,0,0
2017,0,5
2018,0,0
2019,0,0
2020,0,4
2021,4,0
2022,0,6
2023,0,5
2024,0,5
2025,0,0
2026,3,1
2027,5,3
2028,0,3
2029,6,5
2030,6,6
2031,6,5
2032,5,3
2033,5,3
2034,5,4
2035,5,3
2036,5,3
2037,5,3
2038,1,3
2039,5,3
2040,1,4
2041,5,3
2042,5,3
2043,5,4
2044,5,3
2045,3,1
2046,3,1
2047,3,0
2048,3,1
2049,4,0
2050,0,6
2051,4,0
2052,4,0
2053,4,0
2054,4,0
2055,4,0
2056,4,0
2057,4,0
2058,1,5
2059,4,0
2060,6,5
2061,6,5
2062,6,5
2063,5,3
2064,5,3
2065,1,3
2066,1,3
2067,1,3
2068,4,0
2069,0,0
2070,0,0
2071,0,2
2072,4,0
2073,4,0
2074,4,0
2075,5,3
2076,5,3
2077,5,3
2078,3,3
2079,3,1
2080,3,1
2081,3,1
2082,3,1
2083,2,2
2084,3,1
2085,3,1
2086,3,1
2087,3,1
2088,3,1
2089,3,0
2090,3,1
2091,5,3
2092,3,1
2093,3,1
2094,3,1
2095,3,1
2096,3,1
2097,3,0
2098,3,0
2099,0,0
2100,0,5
2101,0,5
2102,0,5
2103,0,5
2104,0,3
2105,0,5
2106,3,1
2107,3,1
2108,1,3
2109,0,6
2110,0,6
2111,0,5
2112,6,6
2113,2,2
2114,5,3
2115,5,3
2116,0,0
2117,5,3
2118,5,3
2119,1,3
2120,1,4
2121,1,4
2122,1,4
2123,1,4
2124,5,3
2125,5,3
2126,5,3
2127,5,4
2128,5,3
2129,5,3
2130,5,4
2131,4,0
2132,0,6
2133,4,0
2134,0,6
2135,0,6
2136,0,0
2137,0,0
2138,5,3
2139,5,3
2140,5,3
2141,5,3
2142,5,3
2143,3,1
2144,3,1
2145,3,1
2146,5,3
2147,5,3
2148,5,3
2149,5,3
2150,1,5
2151,0,6
2152,0,3
2153,0,4
2154,0,6
2155,0,0
2156,0,0
2157,0,6
2158,1,6
2159,5,6
2160,0,6
2161,5,6
2162,4,3
2163,5,3
2164,0,6
2165,6,6
2166,6,5
2167,2,2
2168,2,1
2169,2,2
2170,0,1
2171,0,0
2172,4,0
2173,0,6
2174,0,6
2175,5,2
2176,5,3
2177,0,3
2178,0,5
2179,0,0
2180,4,0
2181,4,0
2182,4,0
2183,4,0
2184,6,5
2185,6,5
2186,4,0
2187,4,3
2188,0,5
2189,0,0
2190,0,6
2191,5,3
2192,5,6
2193,0,0
2194,0,0
2195,0,0
2196,4,0
2197,4,0
2198,4,0
2199,4,0
2200,4,0
2201,4,0
2202,4,0
2203,4,0
2204,5,3
2205,5,3
2206,5,3
2207,5,3
2208,2,1
2209,5,6
2210,3,1
2211,1,0
2212,5,3
2213,5,3
2214,5,3
2215,5,3
2216,5,3
2217,0,6
2218,3,1
2219,4,0
2220,2,2
2221,2,2
2222,1,4
2223,1,4
2224,1,4
2225,1,4
2226,1,4
2227,0,5
2228,0,6
2229,0,3
2230,5,3
2231,4,0
2232,4,0
2233,5,0
2234,0,0
2235,6,5
2236,1,4
2237,1,4
2238,1,4
2239,1,4
2240,1,4
2241,5,3
2242,5,3
2243,5,3
2244,5,3
2245,5,3
2246,5,0
2247,5,3
2248,1,4
2249,1,4
2250,1,4
2251,3,1
2252,3,1
2253,5,3
2254,3,1
2255,5,1
2256,5,5
2257,1,1
2258,5,3
2259,1,4
2260,1,4
2261,0,4
2262,1,4
2263,1,4
2264,0,4
2265,1,4
2266,4,0
2267,4,0
2268,1,0
2269,6,5
2270,6,5
2271,6,5
2272,6,5
2273,6,5
2274,0,0
2275,6,5
2276,0,3
2277,4,0
2278,0,6
2279,2,2
2280,0,0
2281,0,5
2282,0,3
2283,5,3
2284,6,5
2285,6,5
2286,6,5
2287,6,5
2288,6,5
2289,1,4
2290,1,4
2291,1,0
2292,4,4
2293,0,0
2294,1,4
2295,0,0
2296,5,3
2297,1,4
2298,1,4
2299,1,4
2300,3,1
2301,5,3
2302,1,3
2303,5,3
2304,5,3
2305,1,3
2306,1,4
2307,2,2
2308,5,3
2309,4,3
2310,0,3
2311,4,0
2312,0,0
2313,5,2
2314,5,3
2315,5,3
2316,6,3
2317,5,3
2318,0,1
2319,3,1
2320,3,3
2321,4,0
2322,3,1
2323,1,4
2324,2,1
2325,3,1
2326,3,1
2327,3,1
2328,3,1
2329,3,1
2330,4,0
2331,3,1
2332,1,0
2333,4,0
2334,2,2
2335,1,4
2336,1,4
2337,1,4
2338,5,3
2339,5,3
2340,5,3
2341,1,4
2342,0,0
2343,4,3
2344,4,3
2345,1,3
2346,1,3
2347,4,0
2348,1,3
2349,5,3
2350,0,4
2351,1,4
2352,1,4
2353,1,4
2354,5,4
2355,1,4
2356,1,0
2357,1,4
2358,5,3
2359,2,2
2360,5,0
2361,5,3
2362,1,4
2363,6,5
2364,4,0
2365,2,2
2366,2,2
2367,5,3
2368,5,3
2369,5,3
2370,5,3
2371,5,3
2372,2,2
2373,5,3
2374,6,5
2375,6,5
2376,1,4
2377,2,1
2378,1,4
2379,1,4
2380,1,4
2381,5,3
2382,1,4
2383,1,4
2384,4,0
2385,0,4
2386,1,4
2387,1,4
2388,0,5
2389,2,2
2390,2,2
2391,2,2
2392,2,2
2393,1,4
2394,0,6
2395,0,6
2396,0,6
2397,0,6
2398,5,3
2399,1,4
2400,1,4
2401,1,4
2402,5,1
2403,5,3
2404,0,0
2405,0,3
2406,5,3
2407,6,5
2408,4,0
2409,5,2
2410,5,3
2411,5,3
2412,5,3
2413,2,3
2414,5,3
2415,2,2
2416,1,4
2417,1,4
2418,4,0
2419,4,0
2420,5,3
2421,2,2
2422,0,6
2423,0,6
2424,1,0
2425,0,3
2426,0,3
2427,0,3
2428,0,5
2429,3,1
2430,5,3
2431,1,4
2432,1,4
2433,5,2
2434,1,4
2435,1,4
2436,6,4
2437,5,3
2438,5,3
2439,2,2
2440,2,2
2441,2,2
2442,2,2
2443,2,2
2444,2,2
2445,2,2
2446,2,2
2447,2,2
2448,2,2
2449,0,0
2450,2,2
2451,2,2
2452,2,2
2453,4,0
2454,5,6
2455,4,6
2456,2,5
2457,0,6
2458,0,6
2459,2,3
2460,2,2
2461,0,6
2462,1,3
2463,1,4
2464,1,4
2465,1,4
2466,2,2
2467,0,6
2468,0,6
2469,2,0
2470,4,0
2471,5,3
2472,4,0
2473,1,4
2474,1,4
2475,5,3
2476,2,2
2477,5,3
2478,3,1
2479,4,6
2480,0,6
2481,6,5
2482,5,3
2483,1,4
2484,1,3
2485,0,5
2486,5,3
2487,3,1
2488,3,1
2489,4,3
2490,1,4
2491,6,5
2492,2,2
2493,5,3
2494,5,3
2495,5,3
2496,1,4
2497,6,5
2498,1,4
2499,4,0
2500,5,3
2501,5,3
2502,4,0
2503,2,2
2504,3,1
2505,3,1
2506,6,5
2507,2,2
2508,5,3
2509,5,3
2510,6,5
2511,4,0
2512,2,2
2513,5,3
2514,2,2
2515,2,2
2516,6,5
2517,6,5
2518,1,4
2519,5,3
2520,1,4
2521,5,3
2522,2,2
2523,2,2
2524,1,4
2525,2,2
2526,5,4
2527,6,5
2528,6,5
2529,4,3
2530,2,2
2531,5,3
2532,5,1
2533,5,0
2534,5,3
2535,5,3
2536,1,4
2537,6,5
2538,1,4
2539,5,3
2540,5,3
2541,5,3
2542,3,3
2543,5,3
2544,0,0
2545,3,1
2546,2,2
2547,1,4
2548,1,4
2549,1,4
2550,0,3
2551,5,3
2552,1,3
2553,0,5
2554,2,2
2555,5,3
2556,2,2
2557,2,2
2558,2,2
2559,5,3
2560,2,2
2561,2,2
2562,0,0
2563,1,4
2564,1,4
2565,4,3
2566,4,3
2567,4,3
2568,5,3
2569,6,3
2570,5,3
2571,5,3
2572,5,3
2573,5,3
2574,5,3
2575,4,0
2576,4,0
2577,5,3
2578,5,0
2579,5,3
2580,4,0
2581,2,2
2582,5,3
2583,1,4
2584,2,1
2585,2,2
2586,6,5
2587,1,4
2588,5,3
2589,1,3
2590,5,3
2591,3,1
2592,6,5
2593,0,3
2594,1,4
2595,5,3
2596,2,2
2597,2,2
2598,3,1
2599,5,3
2600,5,3
2601,5,3
2602,4,3
2603,4,3
2604,4,6
2605,5,3
2606,5,3
2607,0,3
2608,0,6
2609,5,3
2610,5,3
2611,5,3
2612,2,2
2613,5,3
2614,2,2
2615,1,4
2616,2,2
2617,1,4
2618,2,2
2619,2,2
2620,0,1
2621,6,5
2622,5,6
2623,1,4
2624,5,3
2625,4,3
2626,4,3
2627,2,2
2628,6,5
2629,5,3
2630,5,3
2631,5,4
2632,5,3
2633,5,3
2634,0,3
2635,1,3
2636,0,3
2637,1,4
2638,0,6
2639,1,0
2640,1,3
2641,2,2
2642,2,2
2643,2,2
2644,6,5
2645,1,4
2646,1,4
2647,1,4
2648,1,4
2649,0,6
2650,5,3
2651,2,2
2652,2,2
2653,0,0
2654,2,2
2655,2,2
2656,2,2
2657,2,2
2658,2,2
2659,5,3
2660,4,4
2661,1,4
2662,1,4
2663,5,3
2664,0,3
2665,1,4
2666,1,4
2667,5,3
2668,5,3
2669,4,3
2670,1,4
2671,1,4
2672,1,4
2673,1,4
2674,1,4
2675,1,4
2676,5,3
2677,1,4
2678,1,4
2679,1,4
2680,1,4
2681,1,4
2682,1,4
2683,1,4
2684,1,4
2685,2,2
2686,0,3
2687,1,3
2688,4,3
2689,2,2
2690,5,6
2691,5,2
2692,5,3
2693,5,3
2694,1,4
2695,1,4
2696,1,3
2697,5,3
2698,5,3
2699,5,3
2700,5,3
2701,5,3
2702,4,0
2703,5,3
2704,1,3
2705,0,3
2706,5,3
2707,5,3
